<?xml version="1.0" encoding="UTF-8"?><idempiere Name="PA_DashboardContent" Version="1.0.0" idempiereVersion="7.1.0.latest" DataBaseVersion="2019-11-22" Description="" Author="SuperUser" AuthorEmail="superuser @ idempiere.com" CreatedDate="Wed Feb 05 14:28:09 UTC 2020" UpdatedDate="Wed Feb 05 14:28:09 UTC 2020" PackOutVersion="100" UpdateDictionary="true" Client="0-SYSTEM-System" AD_Client_UU="11237b53-9592-4af1-b3c5-afd216514b5d">
    <PA_DashboardContent type="table">
        <AD_Client_ID>0</AD_Client_ID>
        <AD_Org_ID>0</AD_Org_ID>
        <Name>Broadcaster</Name>
        <AD_Window_ID reference="id"/>
        <Description>Send broadcast messages to users</Description>
        <HTML/>
        <IsActive>Y</IsActive>
        <Line>0</Line>
        <PA_Goal_ID reference="id"/>
        <ColumnNo>0</ColumnNo>
        <ZulFilePath>/zul/broadcaster.zul</ZulFilePath>
        <IsCollapsible>Y</IsCollapsible>
        <GoalDisplay>T</GoalDisplay>
        <PA_DashboardContent_UU>1725e7f6-70e4-4c67-b3fa-450ae6f32a2b</PA_DashboardContent_UU>
        <IsShowInDashboard>Y</IsShowInDashboard>
        <AD_Process_ID reference="id"/>
        <IsEmbedReportContent>N</IsEmbedReportContent>
        <ProcessParameters/>
        <IsCollapsedByDefault>N</IsCollapsedByDefault>
        <AD_User_ID reference="id">0</AD_User_ID>
        <AD_Role_ID reference="id">0</AD_Role_ID>
        <IsShowinLogin>Y</IsShowinLogin>
        <AD_Chart_ID reference="id"/>
        <PA_DashboardContent_Trl type="translation">
            <Description>Send broadcast messages to users</Description>
            <Name>Broadcaster</Name>
            <HTML/>
            <AD_Language>zh_CN</AD_Language>
            <IsActive>Y</IsActive>
            <IsTranslated>N</IsTranslated>
        </PA_DashboardContent_Trl>
    </PA_DashboardContent>
</idempiere>
