<?xml version="1.0" encoding="UTF-8"?>
<feature
      id="org.evenos.broadcaster.feature"
      label="Broadcaster-Feature"
      version="1.0.0.qualifier">

   <description url="http://www.example.com/description">
      [Enter Feature Description here.]
   </description>

   <copyright url="http://www.example.com/copyright">
      [Enter Copyright Description here.]
   </copyright>

   <license url="http://www.example.com/license">
      [Enter License Description here.]
   </license>

   <requires>
      <import plugin="org.adempiere.ui.zk" version="2.0.0" match="greaterOrEqual"/>
      <import plugin="org.adempiere.plugin.utils" version="2.0.0" match="greaterOrEqual"/>
      <import plugin="org.adempiere.base" version="2.0.0" match="greaterOrEqual"/>
      <import plugin="org.eclipse.osgi.services" version="3.3.0" match="greaterOrEqual"/>
   </requires>

   <plugin
         id="org.evenos.broadcaster"
         download-size="0"
         install-size="0"
         version="0.0.0"
         fragment="true"
         unpack="false"/>

   <plugin
         id="org.evenos.broadcaster.events"
         download-size="0"
         install-size="0"
         version="0.0.0"
         unpack="false"/>

</feature>
